,date,hour_00,hour_01,hour_02,hour_03,hour_04,hour_05,hour_06,hour_07,hour_08,hour_09,hour_10,hour_11,hour_12,hour_13,hour_14,hour_15,hour_16,hour_17,hour_18,hour_19,hour_20,hour_21,hour_22,hour_23,road_name,full_road_name,latitude,longitude
0,03-06-2022,4,3,3,6,10,37,115,181,367,264,253,226,257,227,232,274,275,216,153,95,47,55,50,24,Smollett Street,"Smollett Street, West of Wodonga Place",-36.082058,146.909347
1,03-06-2022,60,155,118,197,238,255,313,413,388,403,357,361,422,325,374,427,392,310,212,142,115,115,73,74,Pacific Highway,"Pacific Highway, South of Martins Lane",-33.71885,151.112745
2,03-06-2022,2,3,1519,13,22,36,56,61,63,71,104,119,122,125,149,148,121,92,68,39,19,3,4,10,Jerrys Plains Road,"Jerrys Plains Road, East of Edderton Road",-32.453426,150.849686
3,03-06-2022,7,5,11,12,11,54,102,98,80,117,110,116,96,107,118,145,106,89,97,52,13,17,18,24,Jerrys Plains Road,"Jerrys Plains Road, East of Edderton Road",-32.453426,150.849686
4,03-06-2022,8,3,2,3,5,12,30,56,127,98,105,73,78,112,90,114,107,102,60,37,33,28,11,14,Olympic Highway,"Olympic Highway, North of Race Creek Road",-34.414322,148.248459
5,03-06-2022,19,11,9,7,34,87,201,267,288,298,309,373,342,447,519,594,622,352,187,173,162,97,62,44,Bourke Street,"Bourke Street, North of Fernleigh Road",-35.131641,147.353195
6,03-06-2022,14,10,7,12,8,20,38,61,93,116,79,81,82,97,106,110,132,126,57,48,13,29,14,12,Olympic Highway,"Olympic Highway, North of Calool Lane",-35.61998,147.044113
7,03-06-2022,46,51,62,63,42,73,161,244,327,231,232,238,250,232,275,265,275,262,154,107,85,91,77,61,Mitchell Highway,"Mitchell Highway, North of Favell Road",-33.362549,149.177856
8,03-06-2022,13,15,10,13,14,16,39,63,58,57,93,63,70,96,85,109,122,118,85,40,27,38,19,15,Olympic Highway,"Olympic Highway, North of Calool Lane",-35.61998,147.044113
9,03-06-2022,9,11,14,5,9,9,18,30,55,52,37,60,43,44,49,70,66,45,29,27,17,15,20,21,Newell Highway,"Newell Highway, East of Pine Hill Road",-34.738258,146.578354
10,03-06-2022,5,2,8,3,3,4,22,40,47,40,35,53,43,58,69,109,112,90,56,25,11,21,12,17,River Road,"River Road, South of Cross Street",-35.987396,146.621841
11,03-06-2022,3,3,2,2,1,17,27,93,140,117,101,93,72,99,120,117,112,97,85,51,44,18,9,8,Olympic Highway,"Olympic Highway, North of Mary Gilmore Road",-35.019356,147.417313
12,03-06-2022,6,3,2,4,2,12,26,64,73,55,64,56,78,92,79,118,139,164,115,58,49,40,23,16,Holbrook Road,"Holbrook Road, North of Rowan Road",-35.19231,147.328308
13,03-06-2022,3,2,5,1,1,22,43,82,190,99,61,61,79,60,65,102,97,136,106,54,31,20,17,17,Holbrook Road,"Holbrook Road, North of Rowan Road",-35.19231,147.328308
14,03-06-2022,8,7,13,7,24,87,164,341,718,464,392,328,344,401,375,507,375,348,308,202,148,134,98,44,Bourke Street,"Bourke Street, North of Fernleigh Road",-35.131641,147.353195
15,03-06-2022,14,10,7,16,7,18,50,81,94,131,117,107,105,110,123,131,163,149,79,64,19,21,20,8,Olympic Highway,"Olympic Highway, North of Huon Street",-35.823685,146.993912
16,03-06-2022,1,3,4,9,8,39,62,79,67,61,54,55,52,50,46,55,66,47,21,15,11,21,9,7,River Road,"River Road, South of Cross Street",-35.987396,146.621841
17,03-06-2022,8,3,4,3,8,17,40,53,52,68,68,74,80,80,80,95,95,97,71,44,19,10,8,13,Olympic Highway,"Olympic Highway, North of Race Creek Road",-34.414322,148.248459
18,03-06-2022,45,19,13,21,25,38,100,158,318,423,465,497,602,506,640,675,736,656,419,214,154,152,113,72,Urana Road,"Urana Road, North of Griffith Road",-36.050468,146.932236
19,03-06-2022,16,4,4,4,4,13,49,127,175,208,200,209,198,236,244,293,324,340,217,115,62,82,62,43,Smollett Street,"Smollett Street, West of Wodonga Place",-36.082058,146.909347
20,03-06-2022,15,8,5,7,15,66,97,246,433,248,214,204,238,239,249,259,237,166,127,77,42,40,25,35,Sturt Highway,"Sturt Highway, West of Edward Street",-35.115742,147.338547
21,03-06-2022,8,4,3,3,13,8,17,22,58,65,67,52,66,56,55,80,52,66,37,31,26,16,16,11,Newell Highway,"Newell Highway, East of Pine Hill Road",-34.738258,146.578354
22,03-06-2022,9,6,4,4,6,8,17,17,30,25,27,39,36,35,30,28,33,29,32,23,16,14,10,12,Sturt Highway,"Sturt Highway, East of Boon Street",-34.519596,144.859116
23,03-06-2022,5,5,5,4,4,7,25,35,45,54,36,42,55,47,66,70,88,81,36,30,22,13,6,7,Goldfields Way,"Goldfields Way, North of Kitchener Road",-34.43811,147.529999
24,03-06-2022,8,7,3,8,5,11,33,60,72,88,85,74,57,61,63,72,85,75,51,22,18,22,20,13,Sturt Highway,"Sturt Highway, East of Keens Road",-34.290379,142.29097
25,03-06-2022,10,12,9,11,4,4,10,14,20,24,29,41,48,31,36,38,39,35,23,21,23,18,10,8,Sturt Highway,"Sturt Highway, West of Moama Street",-34.520679,144.833786
26,03-06-2022,6,9,6,2,4,6,25,31,34,34,32,39,49,34,25,24,25,16,15,20,17,17,14,9,Sturt Highway,"Sturt Highway, West of Moama Street",-34.520679,144.833786
27,03-06-2022,3,1,6,4,5,13,27,77,83,103,99,106,133,113,151,171,157,150,102,72,45,36,20,18,Murray Valley Highway,"Murray Valley Highway, North of River Road",-34.575878,142.76651
28,03-06-2022,21,11,4,9,10,21,57,154,152,185,185,167,171,166,193,227,245,261,198,157,95,53,52,39,Sturt Highway,"Sturt Highway, West of Carramar Drive",-34.174644,142.196579
29,03-06-2022,79,47,80,105,106,169,270,469,695,629,660,623,658,684,684,766,767,704,509,287,186,149,108,74,Great Western Highway,"Great Western Highway, South of Somerset Street",-33.678875,150.282959
30,03-06-2022,10,6,11,7,17,91,178,264,441,379,500,395,424,406,445,442,418,328,279,160,98,77,70,40,Urana Road,"Urana Road, North of Griffith Road",-36.050468,146.932236
31,03-06-2022,31,19,10,15,25,55,212,311,511,416,409,447,478,524,617,620,597,559,316,249,185,205,197,119,Wodonga Place,"Wodonga Place, North of Hume Street",-36.083645,146.909882
32,03-06-2022,4,3,1,1,1,4,9,23,23,20,14,29,23,29,15,20,13,16,8,9,12,7,6,5,Mid Western Highway,"Mid Western Highway, East of Yankee Crossing",-34.497395,144.916763
33,03-06-2022,31,38,52,39,81,66,147,203,172,210,238,250,294,320,320,363,352,293,152,92,56,66,36,10,Great Western Highway,"Great Western Highway, West of Glanmire Lane",-33.425926,149.691452
34,03-06-2022,26,16,19,19,15,27,39,95,119,151,147,137,127,143,182,234,244,220,175,115,71,73,36,34,Sturt Highway,"Sturt Highway, East of Tumbarumba Road",-35.161312,147.514038
35,03-06-2022,28,23,18,17,17,43,127,220,223,217,223,229,236,226,257,252,280,265,228,170,130,114,92,72,Sturt Highway,"Sturt Highway, South of Caravan Park Road",-34.183842,142.172943
36,03-06-2022,47,13,6,9,11,36,74,166,193,174,210,201,188,193,268,435,235,185,100,83,28,69,37,39,Castlereagh Highway,"Castlereagh Highway, North of Gemalong Close",-33.419147,150.102066
37,03-06-2022,18,19,13,24,28,86,155,142,128,178,144,149,196,177,218,187,234,173,86,49,19,24,19,16,Sturt Highway,"Sturt Highway, East of Tumbarumba Road",-35.161312,147.514038
38,03-06-2022,138,215,253,230,263,239,249,372,404,412,392,480,360,381,373,245,294,290,207,225,147,105,91,114,Pacific Highway,"Pacific Highway, West of Four Mile Lane",-33.71885,151.112745
39,03-06-2022,33,22,21,18,29,51,138,312,541,457,443,389,446,448,463,553,551,446,279,186,112,147,101,59,Sturt Highway,"Sturt Highway, South of Caravan Park Road",-34.183842,142.172943
40,03-06-2022,1,2,1,3,5,27,50,59,83,115,119,113,99,87,98,96,103,89,54,27,19,9,7,3,Kings Highway,"Kings Highway, North of Braidwood Street",-35.646713,150.139496
41,03-06-2022,13,5,1519,2,18,2,16,27,40,46,43,31,34,49,47,40,47,57,39,8,5,15,4,1,Pacific Highway,"Pacific Highway, North of Glen Ewan Road",-33.71885,151.112745
42,03-06-2022,19,1519,1519,9,6,18,62,76,67,58,89,81,83,73,97,61,62,69,54,29,10,17,12,17,Kamilaroi Highway,"Kamilaroi Highway, North of Tuppiari Road",-30.382442,149.795624
43,03-06-2022,19,42,31,43,47,132,205,275,376,352,352,394,362,421,420,515,537,493,298,177,141,82,61,36,Mitchell Highway,"Mitchell Highway, North of Favell Road",-33.362549,149.177856
44,03-06-2022,2,2,2,2,4,5,25,31,61,53,60,52,54,68,65,65,80,55,33,27,16,15,6,2,Goldfields Way,"Goldfields Way, North of Kitchener Road",-34.43811,147.529999
45,03-06-2022,19,12,12,18,15,20,48,74,97,79,93,71,96,105,118,114,150,165,96,57,34,38,23,28,Olympic Highway,"Olympic Highway, North of Huon Street",-35.823685,146.993912
46,03-06-2022,21,11,13,5,19,34,121,313,631,562,538,540,580,562,602,644,700,648,526,260,176,171,135,107,Wodonga Place,"Wodonga Place, North of Hume Street",-36.083645,146.909882
47,03-06-2022,16,6,10,5,5,11,48,105,183,167,218,223,285,270,305,327,430,466,169,114,70,64,52,37,Sturt Highway,"Sturt Highway, West of Edward Street",-35.115742,147.338547
48,03-06-2022,6,1,2,4,2,7,5,10,23,19,21,29,17,25,25,21,29,14,20,14,7,2,6,8,Sturt Highway,"Sturt Highway, South of Duryea Street",-34.666584,143.562012
49,03-06-2022,30,37,25,11,11,27,27,28,32,34,59,40,65,59,55,75,40,47,39,27,24,31,28,24,Great Western Highway,"Great Western Highway, West of Glanmire Lane",-33.425926,149.691452
50,03-06-2022,1,1,2,1,1,1,1,10,17,23,16,9,33,29,18,34,25,21,10,11,10,9,8,4,Kidman Way,"Kidman Way, South of Dirrung Road",-33.623749,145.53096
51,03-06-2022,2,1,4,1,5,17,61,112,138,124,127,108,78,76,97,98,98,97,45,22,17,16,16,9,Riverina Highway,"Riverina Highway, West of Hills End",-36.060165,146.837402
52,03-06-2022,46,30,46,30,34,130,163,330,784,448,359,384,367,436,415,491,567,633,381,221,143,175,136,81,Colin Knott Drive,"Colin Knott Drive, North of Travers Street",-35.095001,147.347794
53,03-06-2022,54,35,29,26,9,55,148,286,585,392,419,402,481,437,464,737,779,699,389,241,160,115,76,59,Colin Knott Drive,"Colin Knott Drive, North of Travers Street",-35.095001,147.347794
54,03-06-2022,16,4,6,3,9,14,17,48,50,47,37,38,32,28,56,49,37,26,21,20,13,10,8,8,Colin Knott Drive,"Colin Knott Drive, North of Travers Street",-35.095001,147.347794
55,03-06-2022,8,5,1,1,3,11,22,51,71,73,79,66,85,110,122,121,181,183,107,45,33,20,19,11,Olympic Highway,"Olympic Highway, East of Mangoplah Road",-35.271656,147.121231
56,03-06-2022,7,4,1,8,5,29,66,105,133,80,84,90,68,86,84,87,91,107,83,44,23,17,19,5,Olympic Highway,"Olympic Highway, East of Mangoplah Road",-35.271656,147.121231
57,03-06-2022,16,9,6,11,10,9,7,26,15,22,18,11,12,21,22,14,12,16,15,12,14,9,13,11,Olympic Highway,"Olympic Highway, East of Mangoplah Road",-35.271656,147.121231
58,03-06-2022,1,4,1,5,6,28,69,89,109,124,120,138,148,129,151,215,180,169,111,68,58,38,39,20,Bridge Road,"Bridge Road, South of Edward Street",-36.003658,146.393921
59,03-06-2022,2,5,2,4,6,13,46,70,96,102,125,93,92,92,104,108,140,136,75,52,15,18,11,3,Olympic Highway,"Olympic Highway, North of Rodgers Road",-35.879559,146.998672
60,03-06-2022,9,5,6,2,4,15,28,53,85,62,79,53,78,85,100,91,136,164,83,46,33,24,27,18,Olympic Highway,"Olympic Highway, North of Rodgers Road",-35.879559,146.998672
61,03-06-2022,9,7,10,14,10,10,18,17,18,19,9,12,21,15,13,16,13,25,14,13,9,16,5,11,Olympic Highway,"Olympic Highway, North of Rodgers Road",-35.879559,146.998672
62,03-06-2022,1,2,1,1,2,7,24,33,66,88,55,78,84,84,83,93,97,83,65,42,33,21,27,10,Murray Street,"Murray Street, South of Townsend Street",-35.647587,145.574127
63,03-06-2022,12,3,5,5,5,6,15,13,21,22,12,21,13,21,20,29,14,21,15,10,14,15,11,14,Murray Street,"Murray Street, South of Townsend Street",-35.647587,145.574127
64,03-06-2022,13,9,4,5,7,8,11,15,12,12,21,26,22,18,22,13,21,10,5,15,6,8,11,4,Newell Highway,"Newell Highway, South of Dean Street",-35.813709,145.558685
65,03-06-2022,4,4,2,1,3,11,38,52,52,90,89,115,106,113,128,188,144,165,105,60,42,34,17,13,Newell Highway,"Newell Highway, South of Dean Street",-35.813709,145.558685
66,03-06-2022,3,3,1,4,12,4,10,41,59,66,51,55,59,35,47,56,36,46,17,14,10,13,7,10,Cobb Highway,"Cobb Highway, South of Blair Street",-36.12035,144.754028
67,03-06-2022,1,3,2,5,13,22,37,64,106,90,108,95,112,101,109,121,112,92,49,37,27,20,14,12,Newell Highway,"Newell Highway, South of Dean Street",-35.813709,145.558685
68,03-06-2022,33,7,8,6,20,38,150,288,455,526,527,658,748,660,697,920,926,949,728,397,251,213,151,118,Cobb Highway,"Cobb Highway, South of Blair Street",-36.12035,144.754028
69,03-06-2022,2,1,1,2,2,2,16,10,39,42,27,36,20,21,47,32,46,40,24,11,8,10,5,3,Kidman Way,"Kidman Way, West of Sturt Highway",-34.599117,145.983612
70,03-06-2022,10,8,2,4,11,26,38,82,118,117,104,91,109,127,151,254,233,280,170,77,66,62,58,38,Urana Road,"Urana Road, South of Hueske Road",-35.991581,146.898407
71,03-06-2022,6,6,9,5,3,9,10,19,25,14,14,24,13,18,13,20,29,20,8,13,2,10,2,6,Olympic Highway,"Olympic Highway, East of Mangoplah Road",-35.271656,147.121231
72,03-06-2022,11,6,6,11,4,6,9,16,13,23,10,15,18,15,21,13,17,16,10,6,5,3,7,2,Olympic Highway,"Olympic Highway, North of Rodgers Road",-35.879559,146.998672
73,03-06-2022,9,8,7,5,8,4,14,14,12,8,17,29,14,17,17,20,17,11,9,19,9,10,12,8,Murray Street,"Murray Street, South of Townsend Street",-35.647587,145.574127
74,03-06-2022,12,1,4,6,3,7,13,18,22,25,20,18,19,24,23,26,21,25,16,14,11,17,13,15,Newell Highway,"Newell Highway, South of Dean Street",-35.813709,145.558685
75,03-06-2022,4,1519,6,4,2,9,20,45,62,71,79,75,77,95,93,101,121,114,78,54,29,14,5,3,Murringo Road,"Murringo Road, West of Kenyu Road",-34.434212,148.712891
76,03-06-2022,2,1519,2,1,1,1,3,13,5,2,5,7,5,8,5,9,3,9,2,1,1519,2,2,5,Burley Griffin Way,"Burley Griffin Way, West of Mannings Road",-34.278732,146.551498
77,03-06-2022,1519,2,1519,1,6,15,46,92,150,55,72,61,56,77,91,100,101,88,40,22,22,24,8,12,Riverina Highway,"Riverina Highway, West of Ramp Lane",-36.088005,147.036148
78,03-06-2022,3,1,1519,3,3,8,19,27,43,34,47,46,56,52,74,70,54,67,47,28,14,6,4,6,Olympic Highway,"Olympic Highway, South of Silo Road",-34.519371,148.164276
79,03-06-2022,2,2,1519,4,3,12,50,60,84,46,36,24,24,28,45,43,38,43,22,12,6,7,3,6,Olympic Highway,"Olympic Highway, South of Rosemont Road",-35.918716,147.001556
80,03-06-2022,3,2,1519,5,2,3,19,13,34,21,25,34,30,46,41,53,54,44,28,12,12,11,4,5,Batlow Road,"Batlow Road, South of Herrings Road",-35.495914,148.151977
81,03-06-2022,8,2,1519,1,1,7,38,66,45,38,48,51,51,68,70,97,111,131,94,48,24,24,19,19,Riverina Highway,"Riverina Highway, West of Ramp Lane",-36.088005,147.036148
82,03-06-2022,2,3,1519,1,6,7,16,47,66,79,90,92,86,74,99,95,90,93,49,40,26,14,13,6,Murray Street,"Murray Street, South of Townsend Street",-35.647587,145.574127
83,03-06-2022,1,1,1519,1,3,7,21,29,35,28,22,27,30,29,39,47,35,40,33,15,10,8,1,3,Kidman Way,"Kidman Way, West of Sturt Highway",-34.599117,145.983612
84,03-06-2022,1,1,1519,3,2,4,8,15,12,18,18,15,12,14,13,25,13,4,5,3,4,3,2,1519,Urana Road,"Urana Road, South of Hueske Road",-35.991581,146.898407
85,03-06-2022,2,4,1519,3,2,1,3,11,8,16,12,10,6,5,10,13,10,3,6,1,4,2,4,1519,Kidman Way,"Kidman Way, West of Sturt Highway",-34.599117,145.983612
86,03-06-2022,1,1519,1519,1,2,2,13,18,37,55,48,72,48,66,62,89,99,56,35,32,33,26,17,3,Weir Road,"Weir Road, South of Gulai Road",-36.006641,145.998398
87,03-06-2022,1,1519,1519,1,1,2,11,24,38,34,29,44,49,51,54,84,67,100,53,30,22,19,7,5,Henry Lawson Way,"Henry Lawson Way, West of Chillingworks Road",-34.26141,148.267013
88,03-06-2022,1,1519,1519,3,2,5,3,5,8,10,7,5,10,9,8,5,3,3,3,5,4,6,1,3,Olympic Highway,"Olympic Highway, South of Silo Road",-34.519371,148.164276
89,03-06-2022,4,1519,1519,3,12,33,93,152,245,173,190,156,112,113,138,192,168,146,125,68,29,31,33,15,Urana Road,"Urana Road, South of Hueske Road",-35.991581,146.898407
90,03-06-2022,1,1519,1519,1,1,3,5,5,6,6,5,1,4,6,11,8,5,5,2,2,3,1,2,1519,Henry Lawson Way,"Henry Lawson Way, West of Chillingworks Road",-34.26141,148.267013
91,03-06-2022,6,2,1,1519,5,5,61,93,135,127,106,125,129,110,95,140,141,130,86,49,41,51,37,30,Murray Valley Highway,"Murray Valley Highway, North of River Road",-34.575878,142.76651
92,03-06-2022,3,2,3,1519,1,3,3,20,27,28,27,32,38,27,34,23,19,19,16,13,3,3,3,1,Sturt Highway,"Sturt Highway, South of Duryea Street",-34.666584,143.562012
93,03-06-2022,6,4,6,1519,6,13,12,25,32,27,33,35,33,43,40,42,25,25,16,7,7,8,3,5,Colin Knott Drive,"Colin Knott Drive, North of Travers Street",-35.095001,147.347794
94,03-06-2022,2,3,1,1519,5,31,67,106,116,135,139,158,150,159,194,199,184,171,105,72,53,53,31,23,Bridge Road,"Bridge Road, South of Edward Street",-36.003658,146.393921
95,03-06-2022,8,4,2,1519,5,12,34,64,59,64,61,75,78,99,119,142,158,154,81,37,18,45,26,15,Riverina Highway,"Riverina Highway, West of Hills End",-36.060165,146.837402
96,03-06-2022,7,1,1,1519,1,1,9,19,29,25,18,22,27,49,34,62,69,79,47,32,17,14,13,10,Olympic Highway,"Olympic Highway, South of Rosemont Road",-35.918716,147.001556
97,03-06-2022,1519,1519,4,1519,1,17,15,16,38,34,30,35,48,38,41,67,65,46,22,19,7,9,6,5,Snowy Mountains Highway,"Snowy Mountains Highway, South of Boonderoo Road",-35.327759,148.23764
98,03-06-2022,1519,1519,1,1519,5,5,8,21,35,30,46,23,31,28,37,41,38,40,39,8,8,11,10,5,Burley Griffin Way,"Burley Griffin Way, West of Mannings Road",-34.278732,146.551498
99,03-06-2022,2,1519,2,1519,1,6,8,20,28,23,18,20,20,23,14,12,18,18,8,4,10,1,2,2,Kidman Way,"Kidman Way, South of Dirrung Road",-33.623749,145.53096
100,03-06-2022,1519,2,1519,1519,5,7,19,34,21,37,27,24,26,29,29,35,36,51,25,15,14,10,5,4,Burley Griffin Way,"Burley Griffin Way, West of Mannings Road",-34.278732,146.551498
101,03-06-2022,1519,1,1519,1519,4,8,19,37,51,57,67,43,40,57,42,52,66,63,44,19,13,13,2,3,Riverina Highway,"Riverina Highway, South of Rose Street",-35.537163,144.995316
102,03-06-2022,2,1,1519,1519,4,12,32,46,34,33,45,41,42,44,58,79,76,55,28,15,14,36,17,3,Irrigation Way,"Irrigation Way, East of Widgelli Settlers Road",-34.332764,146.145615
103,03-06-2022,1,2,1519,1519,5,21,50,110,140,50,60,48,39,49,68,50,29,48,23,13,12,12,9,6,Riverina Highway,"Riverina Highway, East of Ramp Lane",-36.090073,147.058472
104,03-06-2022,1519,1519,1519,1519,4,8,22,33,47,40,31,26,26,18,28,35,47,30,24,11,5,2,3,1,Jindera-Walla Walla Road,"Jindera-Walla Walla Road, South of Five Chain ...",-35.936092,146.886673
105,03-06-2022,1,1519,1519,1519,1,6,12,19,22,38,16,36,28,25,22,37,31,31,19,16,8,7,6,4,Moulamein Road,"Moulamein Road, South of Barham Road",-35.580086,144.185059
106,03-06-2022,2,1519,1519,1519,3,3,15,34,60,51,47,47,37,60,54,51,72,66,35,18,9,8,2,3,Olympic Highway,"Olympic Highway, South of Silo Road",-34.519371,148.164276
107,03-06-2022,3,1,1,2,1519,10,50,49,19,24,38,31,37,33,43,56,51,37,29,25,11,11,5,2,Snowy Mountains Highway,"Snowy Mountains Highway, South of Boonderoo Road",-35.327759,148.23764
108,03-06-2022,4,2,2,1,1519,2,16,25,46,47,44,33,37,52,52,47,87,46,41,26,11,10,10,3,Riverina Highway,"Riverina Highway, South of Rose Street",-35.537163,144.995316
109,03-06-2022,1519,1519,1,1,1519,12,17,53,86,45,56,46,34,38,44,45,66,50,44,17,6,10,10,4,Irrigation Way,"Irrigation Way, East of Widgelli Settlers Road",-34.332764,146.145615
110,03-06-2022,1519,1,1519,1,1519,7,6,22,16,17,19,17,19,20,29,39,56,57,49,17,16,8,11,7,Jindera-Walla Walla Road,"Jindera-Walla Walla Road, South of Five Chain ...",-35.936092,146.886673
111,03-06-2022,1519,1519,1519,1,1519,12,24,28,38,56,40,31,39,23,38,53,40,28,13,8,5,1,1,2,Batlow Road,"Batlow Road, South of Herrings Road",-35.495914,148.151977
112,03-06-2022,1519,1519,1519,1,1519,1,2,8,14,10,11,22,10,12,9,11,13,12,8,5,4,2,2,2,Federation Way,"Federation Way, South of Richmond Street",-35.648388,146.306885
113,03-06-2022,1519,1519,1519,1,1519,3,7,8,20,17,17,14,19,14,11,20,15,11,3,2,2,2,1,1519,Urana Road,"Urana Road, South of Hueske Road",-35.991581,146.898407
114,03-06-2022,2,1519,1,1519,1519,6,30,31,90,57,54,79,50,46,43,56,42,37,44,18,11,3,1,4,Henry Lawson Way,"Henry Lawson Way, West of Chillingworks Road",-34.26141,148.267013
115,03-06-2022,9,4,1519,1519,1519,1,7,17,32,37,36,36,45,43,68,97,94,112,93,44,22,29,18,14,Riverina Highway,"Riverina Highway, East of Ramp Lane",-36.090073,147.058472
116,03-06-2022,2,1519,1519,1519,1519,3,3,6,4,3,8,6,5,10,4,7,6,2,2,2,1,2,2,1,Moulamein Road,"Moulamein Road, South of Barham Road",-35.580086,144.185059
117,03-06-2022,3,2,1519,1519,2,1519,9,26,24,17,28,30,24,19,34,52,61,56,43,17,18,12,9,1,Cowabbie Street,"Cowabbie Street, South of Kindra Crescent",-34.808632,147.1978
118,03-06-2022,2,1,1,1519,1519,1519,6,2,18,11,13,30,22,21,26,23,19,18,15,6,9,7,6,2,Mid Western Highway,"Mid Western Highway, East of Yankee Crossing",-34.497395,144.916763
119,03-06-2022,1519,1519,1519,1519,1519,1519,4,5,6,13,10,6,12,11,9,8,17,14,7,6,4,6,4,1,Pretty Pine Road,"Pretty Pine Road, East of Gibbs Road",-35.415436,144.866715
120,03-06-2022,1519,1,1,1519,1519,1,2,1519,6,12,9,7,20,17,15,21,12,17,6,6,7,1,1,1,Cocketgedong Road,"Cocketgedong Road, West of Brougong Street",-35.333248,146.245651
121,03-06-2022,3,1,1,1519,1,4,3,4,1519,9,5,2,7,4,6,5,8,7,5,3,3,6,2,1,Burley Griffin Way,"Burley Griffin Way, West of Mannings Road",-34.278732,146.551498
122,03-06-2022,1,1,4,1519,1,3,4,6,6,9,5,9,13,14,16,5,9,6,2,7,3,1,1519,2,Olympic Highway,"Olympic Highway, South of Silo Road",-34.519371,148.164276
123,03-06-2022,1,1519,1519,1519,1,2,7,11,28,25,26,29,28,22,26,28,39,28,24,5,7,2,1519,9,Moulamein Road,"Moulamein Road, South of Barham Road",-35.580086,144.185059
124,03-06-2022,1519,1519,1519,1519,1519,2,4,4,10,16,9,13,11,9,12,8,12,4,11,4,2,2,1519,2,Cobb Highway,"Cobb Highway, North of Pretty Pine Road",-35.407127,144.877975
125,03-06-2022,3,2,1,1,1,5,6,10,7,8,9,14,13,7,8,8,9,11,2,4,5,1519,1,2,Kidman Way,"Kidman Way, West of Sturt Highway",-34.599117,145.983612
126,03-06-2022,1519,1519,1,1519,1519,2,3,3,17,12,10,9,10,6,14,6,10,6,1,1,1,1519,1,1519,Irrigation Way,"Irrigation Way, East of Widgelli Settlers Road",-34.332764,146.145615
127,03-06-2022,1,1,1,1,1519,1519,3,9,8,2,9,7,11,2,6,9,9,5,2,2,2,1519,1,1,Henry Lawson Way,"Henry Lawson Way, West of Chillingworks Road",-34.26141,148.267013
128,03-06-2022,1,1519,2,1519,1519,1519,1,3,7,7,2,2,6,1,6,3,3,2,4,1,1,1519,1,1,Federation Way,"Federation Way, South of Richmond Street",-35.648388,146.306885
129,03-06-2022,1,1,1519,1519,1519,1519,5,4,10,6,5,7,6,12,17,14,21,14,8,7,4,1519,3,1,Federation Way,"Federation Way, South of Richmond Street",-35.648388,146.306885
130,03-06-2022,1519,1519,1519,1519,1519,1,1,7,5,1,6,3,4,1,4,2,3,1,2,1,1,1519,1519,1519,Riverina Highway,"Riverina Highway, West of Ramp Lane",-36.088005,147.036148
131,03-06-2022,1519,1519,1519,1519,1,1519,1519,2,2,3,1,3,2,2,5,4,3,1,3,1,1,1519,1519,1519,Riverina Highway,"Riverina Highway, East of Ramp Lane",-36.090073,147.058472
132,03-06-2022,1519,3,1519,3,4,3,6,9,3,4,9,5,5,1,4,4,3,1,2,2,1519,1,1,1519,Batlow Road,"Batlow Road, South of Herrings Road",-35.495914,148.151977
133,03-06-2022,1519,1519,1519,1519,1,2,5,11,4,15,9,11,5,6,7,5,5,3,3,2,1519,2,1519,1,Riverina Highway,"Riverina Highway, South of Rose Street",-35.537163,144.995316
134,03-06-2022,1519,1519,1519,1519,1,2,2,9,6,8,7,6,5,3,2,11,5,4,2,2,1519,1,1519,1519,Riverina Highway,"Riverina Highway, West of Hills End",-36.060165,146.837402
135,03-06-2022,1519,1519,3,1,2,1,12,11,2,8,4,9,7,6,8,5,6,2,1,5,1519,1519,4,1519,Snowy Mountains Highway,"Snowy Mountains Highway, South of Boonderoo Road",-35.327759,148.23764
136,03-06-2022,1519,1519,1,1519,1,3,2,4,5,2,4,8,5,4,6,6,5,1,1,2,1519,1519,2,1519,Bridge Road,"Bridge Road, South of Edward Street",-36.003658,146.393921
137,03-06-2022,3,4,1,1519,1519,4,1,3,7,5,10,2,7,8,12,7,9,5,6,1,1519,1519,3,1,Riverina Highway,"Riverina Highway, South of Rose Street",-35.537163,144.995316
138,03-06-2022,1,1519,1,1519,1519,1,1,2,11,8,6,4,6,7,10,9,5,2,1,1,1519,1519,1519,1519,Riverina Highway,"Riverina Highway, West of Hills End",-36.060165,146.837402
139,03-06-2022,2,2,1,2,2,1519,3,1,7,3,4,4,4,6,7,6,8,3,4,1519,5,4,2,2,Federation Way,"Federation Way, South of Richmond Street",-35.648388,146.306885
140,03-06-2022,1,1519,1519,1519,1,2,2,1519,7,4,2,6,3,3,4,4,4,3,1,1519,3,2,1,3,Moulamein Road,"Moulamein Road, South of Barham Road",-35.580086,144.185059
141,03-06-2022,1519,1519,1,1519,1,2,4,5,8,10,4,7,10,7,10,10,1,7,1,1519,1,3,1519,1,Irrigation Way,"Irrigation Way, East of Widgelli Settlers Road",-34.332764,146.145615
142,03-06-2022,1519,1519,1519,1519,1519,2,2,3,6,6,6,2,3,5,3,5,6,2,2,1519,1,1519,1519,1519,Cowabbie Street,"Cowabbie Street, South of Kindra Crescent",-34.808632,147.1978
143,03-06-2022,1519,1519,1519,1519,1519,1519,1,4,5,5,5,4,8,4,2,9,5,2,2,1519,1519,1,1519,1519,Riverina Highway,"Riverina Highway, West of Ramp Lane",-36.088005,147.036148
144,03-06-2022,1519,1519,1519,1519,1519,1,1,3,8,9,2,3,6,8,8,9,5,3,2,1519,1519,1519,1519,1,Olympic Highway,"Olympic Highway, South of Rosemont Road",-35.918716,147.001556
145,03-06-2022,1519,1519,1,1519,1519,2,3,4,2,5,1519,3,4,5,4,8,4,2,1,1519,1519,1519,1519,1519,Bridge Road,"Bridge Road, South of Edward Street",-36.003658,146.393921
146,03-06-2022,1519,1519,1519,1519,1519,1519,1,3,9,3,7,3,4,9,8,9,8,7,1519,1519,2,1519,1519,1519,Snowy Mountains Highway,"Snowy Mountains Highway, South of Boonderoo Road",-35.327759,148.23764
147,03-06-2022,1,1519,1519,1519,1519,1519,5,11,6,8,8,7,6,12,8,6,3,5,1519,1519,1,1519,1519,1519,Olympic Highway,"Olympic Highway, South of Rosemont Road",-35.918716,147.001556
148,03-06-2022,1519,1,1519,1519,1519,1,1519,2,2,1,3,1519,2,1,1,3,5,1519,1,1519,1,1,1,1,Jindera-Walla Walla Road,"Jindera-Walla Walla Road, South of Five Chain ...",-35.936092,146.886673
149,03-06-2022,1519,1519,1519,1519,1519,1519,1,4,2,3,3,2,2,3,1519,4,1,3,2,1519,3,1519,1,2,Cocketgedong Road,"Cocketgedong Road, West of Brougong Street",-35.333248,146.245651
150,03-06-2022,1519,1519,1519,1519,1519,1,1,1,4,1,1519,3,3,2,1519,1,1,4,1,1519,1519,1,1519,1519,Jindera-Walla Walla Road,"Jindera-Walla Walla Road, South of Five Chain ...",-35.936092,146.886673
151,03-06-2022,1,2,1519,1519,1519,2,2,6,4,6,3,6,6,3,1519,6,1,1,2,1519,1519,1519,1519,1519,Batlow Road,"Batlow Road, South of Herrings Road",-35.495914,148.151977
152,03-06-2022,1519,1,3,1519,1519,3,2,1,3,2,1,1,1,1519,1,1,1519,1519,1519,1519,1519,1519,1519,1519,Pretty Pine Road,"Pretty Pine Road, East of Gibbs Road",-35.415436,144.866715
153,03-06-2022,1519,1519,1519,1519,1519,1,1,3,6,1,2,2,3,5,1519,1,1519,1519,1519,1519,1519,1,1519,1519,Riverina Highway,"Riverina Highway, East of Ramp Lane",-36.090073,147.058472
154,03-06-2022,1,1,1519,1519,2,1519,1519,1519,1519,4,2,2,3,3,3,1519,2,1,1,3,1,2,1519,1519,Cobb Highway,"Cobb Highway, North of Pretty Pine Road",-35.407127,144.877975
155,03-06-2022,284,188,154,261,592,1944,3970,4943,4914,3700,3345,3297,3344,3611,4283,5253,5270,5008,3877,2092,1457,1311,1229,1519,Alfords Point Road,Alfords Point Road,-33.9991669,151.0239461
156,03-06-2022,13,8,9,26,64,178,301,559,427,304,269,277,284,277,370,428,443,383,268,124,99,80,54,49,Appin Road,Appin Road,-36.0807785,146.9164693
157,03-06-2022,150,75,47,81,148,522,1381,2119,2508,1873,1593,1,1694,1739,2107,2263,2505,2441,1965,1311,991,912,769,1519,Beecroft Road,Beecroft Road,-33.7447762,151.063747
158,03-06-2022,1519,1519,1519,1519,1519,1519,1519,1519,1519,1519,1519,1519,1519,1519,1519,1519,1519,1519,1519,1519,1519,1,1519,1519,Bells Line Of Road,Bells Line Of Road,-33.4981139,150.5120917
159,03-06-2022,233,123,94,113,219,780,2369,3100,3128,2757,2413,2438,2504,2486,2791,3388,3374,3409,2873,1614,1228,1175,1156,706,Burns Bay Road,Burns Bay Road,-33.8308944,151.1460024
160,03-06-2022,576,384,285,346,537,1320,2145,2359,2622,2314,2244,2330,2370,2461,2527,2691,2455,2614,2557,2177,1701,1583,1491,1222,Canterbury Road,Canterbury Road,-33.928408,151.076754
161,03-06-2022,334,211,160,140,166,614,1958,2714,2903,2332,2019,2108,2228,2373,2461,2794,2977,3075,2676,1736,1227,1217,1187,992,Eastern Distributor,Eastern Distributor,-33.8687285,151.2182763
162,03-06-2022,79,38,37,37,103,432,1424,2293,2415,2027,1976,2027,1975,2009,2338,2780,2465,2584,1988,1058,689,657,585,357,Eastern Valley Way,Eastern Valley Way,-33.805357,151.2091281
163,03-06-2022,493,340,188,178,205,492,1132,1407,1558,1402,1165,1299,1320,1296,1482,1688,1735,1755,1500,1263,1122,1079,1097,910,Enmore Road,Enmore Road,-33.900893,151.170147
164,03-06-2022,16,34,38,46,134,578,920,872,720,554,470,502,308,336,668,690,656,662,382,198,154,108,88,36,Heathcote Road,Heathcote Road,-34.010775,150.987103
165,03-06-2022,884,611,613,717,1193,2703,3584,3911,3775,3379,3233,3275,3302,3470,3449,3458,3813,3794,3964,3270,2505,2357,2241,1671,Hume Highway,Hume Highway,-34.8101946,148.6220238
166,03-06-2022,560,370,314,364,774,2472,4994,6286,6104,5466,5416,5410,5414,5720,6090,7208,6500,6666,5716,3582,2622,2432,2452,1608,King Georges Road,King Georges Road,-33.9179017,151.0655744
167,03-06-2022,200,129,116,208,359,1005,1921,1911,1965,1556,1460,1406,1412,1441,1524,1633,1820,1909,1936,1333,936,824,676,416,Liverpool Road,Liverpool Road,-33.88783,151.104525
168,03-06-2022,291,156,117,94,138,375,772,1337,1409,1440,1367,1411,1517,1574,1781,1765,1738,1833,1647,1245,1056,1167,1159,786,Epping Road,Epping Road,-33.7738718,151.0829987
169,03-06-2022,512,284,227,200,423,1312,3303,3644,3267,3212,3021,3235,3242,3007,3436,3469,3494,3349,3298,2490,1856,1825,1660,1433,Military Road,Military Road,-33.827962,151.230453
170,03-06-2022,36,16,10,6,18,181,773,1638,1783,1375,1341,1321,1480,1290,1458,1759,1689,1671,1147,563,391,363,263,142,Ourimbah Road,Ourimbah Road,-28.1758544,153.5233735
171,03-06-2022,862,556,420,391,601,1466,3210,3826,3813,3402,3314,3179,3403,3533,3843,3975,3999,3924,4058,3228,2566,2499,2658,2098,Parramatta Road,Parramatta Road,-33.835858,151.0231518
172,03-06-2022,188,232,193,254,186,446,1004,1618,2513,1405,715,848,937,1423,1251,1083,2530,2585,1428,1030,920,572,473,391,Princes Highway,Princes Highway,-35.1481469,139.2631777
173,03-06-2022,328,217,206,219,455,1447,3642,4223,3993,3672,3623,3539,3788,3944,4347,4620,4641,4073,3491,2146,1542,1475,1235,747,Ryde Road,Ryde Road,-33.760789,151.138069
174,03-06-2022,223,102,156,117,259,760,2214,2925,2969,2655,2345,2347,2496,2335,2740,2962,2823,2721,2629,1778,1400,1323,1322,1131,Syd Einfeld Drive,Syd Einfeld Drive,-33.8896097,151.2417828
175,03-06-2022,243,144,124,200,515,1858,3529,3993,4124,3496,3166,3267,3423,3487,3821,4624,5117,4599,3039,1865,1275,1307,1070,887,Taren Point Road,Taren Point Road,-34.0264058,151.1203396
